{
  "num_leaves": 76,
  "learning_rate": 0.0176883065105201,
  "n_estimators": 350,
  "min_child_samples": 43,
  "feature_fraction": 0.6865867534078534,
  "bagging_fraction": 0.6539685665916231,
  "reg_lambda": 0.0015025306473817233,
  "reg_alpha": 0.7331350060244777
}